Link	Link
https://aspireec.com/	https://aspireec.com/
https://aspireec.com/about/	https://aspireec.com/#content
https://aspireec.com/services/	https://aspireec.com/about/
https://aspireec.com/events01/	https://aspireec.com/services/
https://aspireec.com/our-universities/	https://aspireec.com/our-universities/
https://aspireec.com/explore-whilst-you-study-abroad/	https://aspireec.com/events01/
https://aspireec.com/homestay-during-study-abroad/	https://aspireec.com/wp-content/uploads/2025/01/Australia.pdf
https://aspireec.com/contact/	https://aspireec.com/wp-content/uploads/2025/01/Canada.pdf
https://aspireec.com/faqs/	https://aspireec.com/wp-content/uploads/2025/01/Europe.pdf
	https://aspireec.com/wp-content/uploads/2025/01/UK.pdf
	https://aspireec.com/wp-content/uploads/2025/01/USA.pdf
	https://aspireec.com/testimonial
	https://aspireec.com/blog-2/
	
	
	https://aspireec.com/contact
	https://aspireec.com/about
	https://aspireec.com/apply_now
	https://aspireec.com/our-universities
	https://aspireec.com/our-universities#usa
	https://aspireec.com/our-universities#canada
	https://aspireec.com/our-universities#australia
	https://aspireec.com/our-universities#europe
	https://aspireec.com/our-universities#malaysia
	https://aspireec.com/our-universities#middleeast
	https://aspireec.com/tag/study-abroad/
	https://aspireec.com/homestay-during-study-abroad/
	https://aspireec.com/explore-whilst-you-study-abroad/
	https://aspireec.com/wp-content/uploads/2025/01/Malaysia.pdf
	https://aspireec.com/faqs/
